Class Path,Test Class Name,Test Method Name,Test Assert Line
com.sap.managementconsole.soap.axis.sapcontrol.DirEntry_ESTest,DirEntry_ESTest,test00,112
com.sap.managementconsole.soap.axis.sapcontrol.DirEntry_ESTest,DirEntry_ESTest,test00,117
com.sap.managementconsole.soap.axis.sapcontrol.DirEntry_ESTest,DirEntry_ESTest,test01,195
com.sap.managementconsole.soap.axis.sapcontrol.DirEntry_ESTest,DirEntry_ESTest,test03,322
com.sap.managementconsole.soap.axis.sapcontrol.DirEntry_ESTest,DirEntry_ESTest,test03,330
com.sap.managementconsole.soap.axis.sapcontrol.DirEntry_ESTest,DirEntry_ESTest,test04,392
com.sap.managementconsole.soap.axis.sapcontrol.DirEntry_ESTest,DirEntry_ESTest,test04,397
com.sap.managementconsole.soap.axis.sapcontrol.DirEntry_ESTest,DirEntry_ESTest,test05,471
com.sap.managementconsole.soap.axis.sapcontrol.DirEntry_ESTest,DirEntry_ESTest,test06,534
com.sap.managementconsole.soap.axis.sapcontrol.DirEntry_ESTest,DirEntry_ESTest,test06,539
com.sap.managementconsole.soap.axis.sapcontrol.DirEntry_ESTest,DirEntry_ESTest,test06,544
com.sap.managementconsole.soap.axis.sapcontrol.DirEntry_ESTest,DirEntry_ESTest,test06,548
com.sap.managementconsole.soap.axis.sapcontrol.DirEntry_ESTest,DirEntry_ESTest,test07,583
com.sap.managementconsole.soap.axis.sapcontrol.DirEntry_ESTest,DirEntry_ESTest,test08,615
com.sap.managementconsole.soap.axis.sapcontrol.DirEntry_ESTest,DirEntry_ESTest,test08,619
com.sap.managementconsole.soap.axis.sapcontrol.DirEntry_ESTest,DirEntry_ESTest,test09,635
com.sap.managementconsole.soap.axis.sapcontrol.DirEntry_ESTest,DirEntry_ESTest,test10,649
com.sap.managementconsole.soap.axis.sapcontrol.DirEntry_ESTest,DirEntry_ESTest,test11,664
com.sap.managementconsole.soap.axis.sapcontrol.DirEntry_ESTest,DirEntry_ESTest,test12,740
com.sap.managementconsole.soap.axis.sapcontrol.DirEntry_ESTest,DirEntry_ESTest,test12,748
com.sap.managementconsole.soap.axis.sapcontrol.DirEntry_ESTest,DirEntry_ESTest,test13,772
com.sap.managementconsole.soap.axis.sapcontrol.DirEntry_ESTest,DirEntry_ESTest,test14,867
com.sap.managementconsole.soap.axis.sapcontrol.DirEntry_ESTest,DirEntry_ESTest,test14,872
com.sap.managementconsole.soap.axis.sapcontrol.DirEntry_ESTest,DirEntry_ESTest,test15,957
com.sap.managementconsole.soap.axis.sapcontrol.DirEntry_ESTest,DirEntry_ESTest,test15,963
